{
    "name": "Mysterium",
    "vendorId": "0x6B62",
    "productId": "0x8769",
    "lighting": "none",
    "matrix": {
        "rows": 6,
        "cols": 18
    },
    "layouts": {
        "labels": [
            ["Bottom Row", "6.25U", "7U", "Winkeyless"],
            "Big Ass Enter",
            "Split Left Shift",
            "Split Backspace",
            "Split Right Shift"
        ],
        "keymap": [
            [
                {
                    "x": 2.5
                },
                "0,0",
                {
                    "x": 1
                },
                "0,2",
                "0,3",
                "0,4",
                "0,5",
                {
                    "x": 0.5
                },
                "0,6",
                "0,7",
                "0,8",
                "0,9",
                {
                    "x": 0.5
                },
                "0,11",
                "0,12",
                "0,13",
                "0,14",
                {
                    "x": 0.25
                },
                "0,15",
                "0,16",
                "0,17",
                {
                    "x": 0.25,
                    "c": "#aaaaaa"
                },
                "0,0\n\n\n\n\n\n\n\n\ne",
                "0,1\n\n\n\n\n\n\n\n\ne"
            ],
            [
                {
                    "y": 0.5,
                    "x": 2.5,
                    "c": "#cccccc"
                },
                "1,0",
                "1,1",
                "1,2",
                "1,3",
                "1,4",
                "1,5",
                "1,6",
                "1,7",
                "1,8",
                "1,9",
                "1,10",
                "1,11",
                "1,12",
                {
                    "w": 2
                },
                "1,13\n\n\n3,0",
                {
                    "x": 1
                },
                "1,13\n\n\n3,1",
                "1,14\n\n\n3,1",
                {
                    "x": 0.25
                },
                "1,15",
                "1,16",
                "1,17"
            ],
            [
                {
                    "x": 2.5,
                    "c": "#aaaaaa",
                    "w": 1.5
                },
                "2,0",
                {
                    "c": "#cccccc"
                },
                "2,1",
                "2,2",
                "2,3",
                "2,4",
                "2,5",
                "2,6",
                "2,7",
                "2,8",
                "2,9",
                "2,10",
                "2,11",
                "2,12",
                {
                    "w": 1.5
                },
                "2,13\n\n\n1,0",
                {
                    "x": 0.25
                },
                "2,15",
                "2,16",
                "3,17",
                {
                    "x": 1.75,
                    "c": "#aaaaaa",
                    "w": 1.5,
                    "h": 2,
                    "w2": 2.25,
                    "h2": 1,
                    "x2": -0.75,
                    "y2": 1
                },
                "3,13\n\n\n1,1"
            ],
            [
                {
                    "x": 2.5,
                    "w": 1.75
                },
                "3,0",
                {
                    "c": "#cccccc"
                },
                "3,1",
                "3,2",
                "3,3",
                "3,4",
                "3,5",
                "3,6",
                "4,7",
                "3,8",
                "3,9",
                "3,10",
                "3,11",
                {
                    "w": 2.25
                },
                "3,13\n\n\n1,0"
            ],
            [
                {
                    "c": "#aaaaaa",
                    "w": 1.25
                },
                "4,0\n\n\n2,1",
                {
                    "c": "#cccccc"
                },
                "4,11\n\n\n2,1",
                {
                    "x": 0.25,
                    "c": "#aaaaaa",
                    "w": 2.25
                },
                "4,0\n\n\n2,0",
                {
                    "c": "#cccccc"
                },
                "4,1",
                "4,2",
                "4,3",
                "4,4",
                "4,5",
                "4,6",
                "5,7",
                "4,8",
                "4,9",
                "4,10",
                {
                    "w": 2.75
                },
                "4,13\n\n\n4,0",
                {
                    "x": 1.25
                },
                "4,16",
                {
                    "x": 1.5
                },
                "4,13\n\n\n4,1",
                {
                    "w": 1.75
                },
                "4,14\n\n\n4,1"
            ],
            [
                {
                    "x": 2.5,
                    "c": "#aaaaaa",
                    "w": 1.25
                },
                "5,0\n\n\n0,0",
                {
                    "w": 1.25
                },
                "5,1\n\n\n0,0",
                {
                    "w": 1.25
                },
                "5,2\n\n\n0,0",
                {
                    "c": "#cccccc",
                    "w": 6.25
                },
                "5,6\n\n\n0,0",
                {
                    "c": "#aaaaaa",
                    "w": 1.25
                },
                "5,9\n\n\n0,0",
                {
                    "w": 1.25
                },
                "5,10\n\n\n0,0",
                {
                    "w": 1.25
                },
                "5,12\n\n\n0,0",
                {
                    "w": 1.25
                },
                "5,14\n\n\n0,0",
                {
                    "x": 0.25,
                    "c": "#cccccc"
                },
                "5,15",
                "5,16",
                "5,17"
            ],
            [
                {
                    "y": 0.25,
                    "x": 2.5,
                    "c": "#aaaaaa",
                    "w": 1.5
                },
                "5,0\n\n\n0,1",
                "5,1\n\n\n0,1",
                {
                    "w": 1.5
                },
                "5,2\n\n\n0,1",
                {
                    "c": "#cccccc",
                    "w": 7
                },
                "5,6\n\n\n0,1",
                {
                    "c": "#aaaaaa",
                    "w": 1.5
                },
                "5,10\n\n\n0,1",
                "5,12\n\n\n0,1",
                {
                    "w": 1.5
                },
                "5,14\n\n\n0,1"
            ],
            [
                {
                    "x": 2.5,
                    "w": 1.5
                },
                "5,0\n\n\n0,2",
                {
                    "x": 1,
                    "w": 1.5
                },
                "5,2\n\n\n0,2",
                {
                    "c": "#cccccc",
                    "w": 7
                },
                "5,6\n\n\n0,2",
                {
                    "c": "#aaaaaa",
                    "w": 1.5
                },
                "5,10\n\n\n0,2",
                {
                    "x": 1,
                    "w": 1.5
                },
                "5,14\n\n\n0,2"
            ]
        ]
    }
}
